model,theta,cost
QCN,0.0,0.07663727940782598
QCN,0.106495,0.07661988743117858
QCN,0.212989,0.07662358010803548
QCN,0.319484,0.07671036295663307
QCN,0.425979,0.07695955353339749
QCN,0.532473,0.07746325367974298
QCN,0.638968,0.07832101599275214
QCN,0.745463,0.0796339588287046
QCN,0.851957,0.08149861150413024
QCN,0.958452,0.08400078580751667
QCN,1.064947,0.08720977079747877
QCN,1.171441,0.09117313507786214
QCN,1.277936,0.09591239486404556
QCN,1.384431,0.10141976833916476
QCN,1.490925,0.10765618873826287
QCN,1.59742,0.11455069245277581
QCN,1.703915,0.12200123674632411
QCN,1.810409,0.129876937198985
QCN,1.916904,0.13802165066331448
QCN,2.023399,0.14625876823079575
QCN,2.129893,0.1543970272471226
QCN,2.236388,0.16223710429405455
QCN,2.342883,0.16957871441606287
QCN,2.449377,0.17622791738278465
QCN,2.555872,0.18200432056824226
QCN,2.662367,0.18674787062252232
QCN,2.768861,0.19032494241739525
QCN,2.875356,0.19263346305310616
QCN,2.981851,0.1936068497226389
QCN,3.088345,0.19321659111827735
QCN,3.19484,0.19147336056423114
QCN,3.301335,0.18842661255645912
QCN,3.407829,0.184162680049372
QCN,3.514324,0.17880145471411849
QCN,3.620819,0.1724917936048627
QCN,3.727313,0.16540585047350556
QCN,3.833808,0.15773257592412396
QCN,3.940303,0.14967066564935572
QCN,4.046797,0.14142125858641152
QCN,4.153292,0.13318069597579532
QCN,4.259787,0.1251336476123027
QCN,4.366281,0.11744689327951019
QCN,4.472776,0.11026401630209133
QCN,4.579271,0.10370122375478874
QCN,4.685765,0.09784445606208263
QCN,4.79226,0.09274788985977173
QCN,4.898755,0.08843387473573057
QCN,5.005249,0.0848942796839471
QCN,5.111744,0.0820931617211162
QCN,5.218239,0.07997060998945797
QCN,5.324733,0.07844756646802009
QCN,5.431228,0.0774313814862008
QCN,5.537723,0.07682183050398671
QCN,5.644217,0.07651729951064405
QCN,5.750712,0.07642084074143889
QCN,5.857207,0.07644580845354731
QCN,5.963701,0.07652080584950359
QCN,6.070196,0.07659370789774796
QCN,6.176691,0.07663456922513968
QCN,6.283185,0.076637279407826
B2-qMPS,0.0,1.2582593389707963e-05
B2-qMPS,0.106495,1.300766888339155e-05
B2-qMPS,0.212989,1.3477758220049847e-05
B2-qMPS,0.319484,1.3989390895215901e-05
B2-qMPS,0.425979,1.453844092124698e-05
B2-qMPS,0.532473,1.5120098057862127e-05
B2-qMPS,0.638968,1.5728858559294862e-05
B2-qMPS,0.745463,1.6358538424172026e-05
B2-qMPS,0.851957,1.7002311217438296e-05
B2-qMPS,0.958452,1.765277149303053e-05
B2-qMPS,1.064947,1.8302023727983356e-05
B2-qMPS,1.171441,1.894179553306566e-05
B2-qMPS,1.277936,1.9563572783857188e-05
B2-qMPS,1.384431,2.0158753270093012e-05
B2-qMPS,1.490925,2.0718814538179324e-05
B2-qMPS,1.59742,2.1235490844646547e-05
B2-qMPS,1.703915,2.1700953582454894e-05
B2-qMPS,1.810409,2.2107989214361978e-05
B2-qMPS,1.916904,2.2450168664593007e-05
B2-qMPS,2.023399,2.2722002287929317e-05
B2-qMPS,2.129893,2.2919074948861528e-05
B2-qMPS,2.236388,2.3038156386662757e-05
B2-qMPS,2.342883,2.3077282888925056e-05
B2-qMPS,2.449377,2.3035807311181155e-05
B2-qMPS,2.555872,2.291441562084995e-05
B2-qMPS,2.662367,2.2715109361739288e-05
B2-qMPS,2.768861,2.2441154679039285e-05
B2-qMPS,2.875356,2.20969997611904e-05
B2-qMPS,2.981851,2.1688163692645853e-05
B2-qMPS,3.088345,2.122110072226489e-05
B2-qMPS,3.19484,2.070304479326719e-05
B2-qMPS,3.301335,2.0141839817557296e-05
B2-qMPS,3.407829,1.9545761583723027e-05
B2-qMPS,3.514324,1.892333734857518e-05
B2-qMPS,3.620819,1.8283169071904183e-05
B2-qMPS,3.727313,1.763376591941905e-05
B2-qMPS,3.833808,1.6983391096694157e-05
B2-qMPS,3.940303,1.633992731447116e-05
B2-qMPS,4.046797,1.5710764258455218e-05
B2-qMPS,4.153292,1.5102710387815523e-05
B2-qMPS,4.259787,1.4521930263930907e-05
B2-qMPS,4.366281,1.3973907465456325e-05
B2-qMPS,4.472776,1.3463432029270475e-05
B2-qMPS,4.579271,1.2994610319305602e-05
B2-qMPS,4.685765,1.2570894312633963e-05
B2-qMPS,4.79226,1.2195126544778543e-05
B2-qMPS,4.898755,1.1869596406171627e-05
B2-qMPS,5.005249,1.1596103152123222e-05
B2-qMPS,5.111744,1.1376020892468698e-05
B2-qMPS,5.218239,1.1210360966104938e-05
B2-qMPS,5.324733,1.1099827471170876e-05
B2-qMPS,5.431228,1.1044862294240387e-05
B2-qMPS,5.537723,1.104567673276605e-05
B2-qMPS,5.644217,1.110226769710265e-05
B2-qMPS,5.750712,1.1214417468107162e-05
B2-qMPS,5.857207,1.1381677025593584e-05
B2-qMPS,5.963701,1.160333400148122e-05
B2-qMPS,6.070196,1.187836729894924e-05
B2-qMPS,6.176691,1.2205391307464144e-05
B2-qMPS,6.283185,1.2582593389708275e-05
B3-Layer,0.0,0.23689008028065664
B3-Layer,0.106495,0.23448185592496243
B3-Layer,0.212989,0.23368490127116284
B3-Layer,0.319484,0.23443703268061536
B3-Layer,0.425979,0.23661069239460397
B3-Layer,0.532473,0.24001977342627587
B3-Layer,0.638968,0.24442902596303198
B3-Layer,0.745463,0.24956560889288368
B3-Layer,0.851957,0.2551322539820667
B3-Layer,0.958452,0.2608214383272018
B3-Layer,1.064947,0.266329916222064
B3-Layer,1.171441,0.2713729465145663
B3-Layer,1.277936,0.2756975665514078
B3-Layer,1.384431,0.2790943082227529
B3-Layer,1.490925,0.2814068234050376
B3-Layer,1.59742,0.2825389819967032
B3-Layer,1.703915,0.2824591213993702
B3-Layer,1.810409,0.28120125647250466
B3-Layer,1.916904,0.27886319778362584
B3-Layer,2.023399,0.2756016670998139
B3-Layer,2.129893,0.2716246361259966
B3-Layer,2.236388,0.2671812412817614
B3-Layer,2.342883,0.2625497380765825
B3-Layer,2.449377,0.25802404837367837
B3-Layer,2.555872,0.25389951845709435
B3-Layer,2.662367,0.2504585424027918
B3-Layer,2.768861,0.2479567121386498
B3-Layer,2.875356,0.2466101324401934
B3-Layer,2.981851,0.24658448698670335
B3-Layer,3.088345,0.24798636284579154
B3-Layer,3.19484,0.250857238918437
B3-Layer,3.301335,0.25517042356066394
B3-Layer,3.407829,0.2608310932389881
B3-Layer,3.514324,0.2676794437023385
B3-Layer,3.620819,0.27549682410989235
B3-Layer,3.727313,0.2840145892206292
B3-Layer,3.833808,0.2929252812485603
B3-Layer,3.940303,0.30189564690643583
B3-Layer,4.046797,0.3105809113034871
B3-Layer,4.153292,0.3186396725295941
B3-Layer,4.259787,0.3257487515745416
B3-Layer,4.366281,0.33161733302849156
B3-Layer,4.472776,0.33599976276625915
B3-Layer,4.579271,0.3387064281580637
B3-Layer,4.685765,0.33961223160685644
B3-Layer,4.79226,0.3386622755497291
B3-Layer,4.898755,0.33587450164367544
B3-Layer,5.005249,0.3313391630700698
B3-Layer,5.111744,0.3252151505979755
B3-Layer,5.218239,0.3177233338556731
B3-Layer,5.324733,0.3091372128246897
B3-Layer,5.431228,0.29977129486983145
B3-Layer,5.537723,0.2899677142299037
B3-Layer,5.644217,0.2800816892381735
B3-Layer,5.750712,0.27046646409079733
B3-Layer,5.857207,0.26145840441685053
B3-Layer,5.963701,0.2533629082210458
B3-Layer,6.070196,0.24644175632520463
B3-Layer,6.176691,0.24090246092605386
B3-Layer,6.283185,0.23689008028065672
B5-ResQNet,0.0,0.00027964264627250565
B5-ResQNet,0.106495,4.829036422966347e-05
B5-ResQNet,0.212989,0.0009094778944850117
B5-ResQNet,0.319484,0.002770947822123797
B5-ResQNet,0.425979,0.005496905661051896
B5-ResQNet,0.532473,0.008914742270755756
B5-ResQNet,0.638968,0.01282339450329815
B5-ResQNet,0.745463,0.01700295989227906
B5-ResQNet,0.851957,0.021225124882576895
B5-ResQNet,0.958452,0.025263929762228254
B5-ResQNet,1.064947,0.028906378733135753
B5-ResQNet,1.171441,0.03196241110531108
B5-ResQNet,1.277936,0.034273779072694514
B5-ResQNet,1.384431,0.03572142758848773
B5-ResQNet,1.490925,0.03623104023465482
B5-ResQNet,1.59742,0.0357764985759811
B5-ResQNet,1.703915,0.03438109751773282
B5-ResQNet,1.810409,0.032116461344632
B5-ResQNet,1.916904,0.029099209782231558
B5-ResQNet,2.023399,0.025485525851229332
B5-ResQNet,2.129893,0.02146387284328697
B5-ResQNet,2.236388,0.017246192106596597
B5-ResQNet,2.342883,0.01305798267022566
B5-ResQNet,2.449377,0.00912771491667739
B5-ResQNet,2.555872,0.005676061211808428
B5-ResQNet,2.662367,0.0029054352259662367
B5-ResQNet,2.768861,0.0009903182249023999
B5-ResQNet,2.875356,6.881547612879191e-05
B5-ResQNet,2.981851,0.0002358306888002153
B5-ResQNet,3.088345,0.0015381735746855352
B5-ResQNet,3.19484,0.003971828472460333
B5-ResQNet,3.301335,0.00748151445331128
B5-ResQNet,3.407829,0.011962563828523964
B5-ResQNet,3.514324,0.01726504118600647
B5-ResQNet,3.620819,0.023199923728739927
B5-ResQNet,3.727313,0.029547070355571928
B5-ResQNet,3.833808,0.03606462583354582
B5-ResQNet,3.940303,0.0424994412287555
B5-ResQNet,4.046797,0.04859804543897278
B5-ResQNet,4.153292,0.05411767730405206
B5-ResQNet,4.259787,0.05883688451101398
B5-ResQNet,4.366281,0.06256521451293266
B5-ResQNet,4.472776,0.06515156309207516
B5-ResQNet,4.579271,0.06649080619888949
B5-ResQNet,4.685765,0.06652841758529218
B5-ResQNet,4.79226,0.06526286505646897
B5-ResQNet,4.898755,0.0627456778168771
B5-ResQNet,5.005249,0.05907918188842586
B5-ResQNet,5.111744,0.054412005217263325
B5-ResQNet,5.218239,0.048932554140039476
B5-ResQNet,5.324733,0.04286075383736868
B5-ResQNet,5.431228,0.036438423159124746
B5-ResQNet,5.537723,0.029918715257012708
B5-ResQNet,5.644217,0.023555097052985786
B5-ResQNet,5.750712,0.01759036083494941
B5-ResQNet,5.857207,0.01224615929455993
B5-ResQNet,5.963701,0.007713531201114916
B5-ResQNet,6.070196,0.004144839735883204
B5-ResQNet,6.176691,0.00164748133860554
B5-ResQNet,6.283185,0.0002796426462725038
B6-Global,0.0,6.507829172405751e-10
B6-Global,0.106495,4.5355012431856896e-10
B6-Global,0.212989,5.49758518697563e-09
B6-Global,0.319484,1.7539747311815607e-08
B6-Global,0.425979,3.822504790396656e-08
B6-Global,0.532473,6.898750229120012e-08
B6-Global,0.638968,1.1095848192853053e-07
B6-Global,0.745463,1.648870130504428e-07
B6-Global,0.851957,2.3107594745248796e-07
B6-Global,0.958452,3.0933722971641183e-07
B6-Global,1.064947,3.989686342596937e-07
B6-Global,1.171441,4.987533834111757e-07
B6-Global,1.277936,6.069830276789855e-07
B6-Global,1.384431,7.215029179973088e-07
B6-Global,1.490925,8.39778574517454e-07
B6-Global,1.59742,9.589803038437546e-07
B6-Global,1.703915,1.076082579641718e-06
B6-Global,1.810409,1.1879740182283689e-06
B6-Global,1.916904,1.2915732821733175e-06
B6-Global,2.023399,1.3839459538219535e-06
B6-Global,2.129893,1.4624173504510395e-06
B6-Global,2.236388,1.5246764069218615e-06
B6-Global,2.342883,1.5688661236006151e-06
B6-Global,2.449377,1.5936566504995857e-06
B6-Global,2.555872,1.598297827547432e-06
B6-Global,2.662367,1.582648892183055e-06
B6-Global,2.768861,1.5471840592173377e-06
B6-Global,2.875356,1.4929737296448733e-06
B6-Global,2.981851,1.4216421477310442e-06
B6-Global,3.088345,1.3353033516375724e-06
B6-Global,3.19484,1.2364782061867221e-06
B6-Global,3.301335,1.1279961248616828e-06
B6-Global,3.407829,1.012885745246589e-06
B6-Global,3.514324,8.942592885018006e-07
B6-Global,3.620819,7.751955884623073e-07
B6-Global,3.727313,6.586268083403774e-07
B6-Global,3.833808,5.472336716766831e-07
B6-Global,3.940303,4.433536280307552e-07
B6-Global,4.046797,3.4890577153229586e-07
B6-Global,4.153292,2.653355592633981e-07
B6-Global,4.259787,1.9358147150125245e-07
B6-Global,4.366281,1.3406475814728307e-07
B6-Global,4.472776,8.670237035953164e-08
B6-Global,4.579271,5.094213073729243e-08
B6-Global,4.685765,2.58181966407706e-08
B6-Global,4.79226,1.0023964403095534e-08
B6-Global,4.898755,1.9987881919071235e-09
B6-Global,5.005249,2.4280912298098666e-11
B6-Global,5.111744,2.3255530154605167e-09
B6-Global,5.218239,7.172546741808009e-09
B6-Global,5.324733,1.2976646865136229e-08
B6-Global,5.431228,1.8377993037717688e-08
B6-Global,5.537723,2.231937198821103e-08
B6-Global,5.644217,2.4103209244410213e-08
B6-Global,5.750712,2.3428980355880758e-08
B6-Global,5.857207,2.040928419707397e-08
B6-Global,5.963701,1.5563823715013055e-08
B6-Global,6.070196,9.791576694899591e-09
B6-Global,6.176691,4.322463434401633e-09
B6-Global,6.283185,6.507829172404423e-10
B7-Glob96,0.0,0.00011925162088234371
B7-Glob96,0.106495,0.00012250143129131753
B7-Glob96,0.212989,0.00012335053681451067
B7-Glob96,0.319484,0.00012176420293478533
B7-Glob96,0.425979,0.00011780731186383772
B7-Glob96,0.532473,0.00011164150745848441
B7-Glob96,0.638968,0.00010351808467948194
B7-Glob96,0.745463,9.376694273546921e-05
B7-Glob96,0.851957,8.27820976429894e-05
B7-Glob96,0.958452,7.100440415778081e-05
B7-Glob96,1.064947,5.890226193763914e-05
B7-Glob96,1.171441,4.695117075145188e-05
B7-Glob96,1.277936,3.561305050058157e-05
B7-Glob96,1.384431,2.5316251476748323e-05
B7-Glob96,1.490925,1.6437148219555114e-05
B7-Glob96,1.59742,9.284138015594526e-06
B7-Glob96,1.703915,4.0847557765834345e-06
B7-Glob96,1.810409,9.764756931870006e-07
B7-Glob96,1.916904,1.6030774578897376e-09
B7-Glob96,2.023399,1.1064747307933924e-06
B7-Glob96,2.129893,4.144991372764046e-06
B7-Glob96,2.236388,8.886309943779143e-06
B7-Glob96,2.342883,1.5026335795993813e-05
B7-Glob96,2.449377,2.220248339708493e-05
B7-Glob96,2.555872,3.0011026932356062e-05
B7-Glob96,2.662367,3.802624575087741e-05
B7-Glob96,2.768861,4.582048921647116e-05
B7-Glob96,2.875356,5.2984244818872965e-05
B7-Glob96,2.981851,5.914529420439059e-05
B7-Glob96,3.088345,6.39860840517028e-05
B7-Glob96,3.19484,6.725852052513364e-05
B7-Glob96,3.301335,6.879551367481504e-05
B7-Glob96,3.407829,6.851874629071126e-05
B7-Glob96,3.514324,6.644231364634515e-05
B7-Glob96,3.620819,6.26720685036679e-05
B7-Glob96,3.727313,5.740070118414799e-05
B7-Glob96,3.833808,5.089877859561482e-05
B7-Glob96,3.940303,4.35021500530198e-05
B7-Glob96,4.046797,3.559629321596589e-05
B7-Glob96,4.153292,2.7598312993214045e-05
B7-Glob96,4.259787,1.9937413514612836e-05
B7-Glob96,4.366281,1.3034733383709131e-05
B7-Glob96,4.472776,7.283464218451159e-06
B7-Glob96,4.579271,3.0301606049871687e-06
B7-Glob96,4.685765,5.580965569905158e-07
B7-Glob96,4.79226,7.343177790043402e-08
B7-Glob96,4.898755,1.6948246065044373e-06
B7-Glob96,5.005249,5.446973194204077e-06
B7-Glob96,5.111744,1.1258389230146857e-05
B7-Glob96,5.218239,1.8963517404471838e-05
B7-Glob96,5.324733,2.8309117416037928e-05
B7-Glob96,5.431228,3.8964632564252784e-05
B7-Glob96,5.537723,5.0536088528197575e-05
B7-Glob96,5.644217,6.258290598767131e-05
B7-Glob96,5.750712,7.463687851338648e-05
B7-Glob96,5.857207,8.622246862906898e-05
B7-Glob96,5.963701,9.687751458707843e-05
B7-Glob96,6.070196,0.00010617342093801875
B7-Glob96,6.176691,0.00011373392830356179
B7-Glob96,6.283185,0.00011925162088234341
