model,init_strategy,seed,gradient
QCapsule,uniform,0,0.0002149901492025675
QCapsule,uniform,1,0.0013234240818167902
QCapsule,uniform,2,0.0025691565418752274
QCapsule,uniform,3,-0.00010365367066093062
QCapsule,uniform,4,-0.006173816854056975
QCapsule,uniform,5,-0.0019205456588964292
QCapsule,uniform,6,6.642109446124236e-05
QCapsule,uniform,7,0.0002079418884643622
QCapsule,uniform,8,0.0028943532743910213
QCapsule,uniform,9,-0.0002275289400867467
QCapsule,uniform,10,0.0025850941448841516
QCapsule,uniform,11,0.0027253797825342358
QCapsule,uniform,12,-0.00018476556435016142
QCapsule,uniform,13,0.0009046656386528987
QCapsule,uniform,14,0.001252680140979828
QCapsule,uniform,15,-0.000111202513380323
QCapsule,uniform,16,0.0008067581715683903
QCapsule,uniform,17,0.0017602332776421859
QCapsule,uniform,18,0.0004277606478096538
QCapsule,uniform,19,0.0001605536706374759
QCapsule,uniform,20,-0.002699953768570877
QCapsule,uniform,21,0.0002397467368917819
QCapsule,uniform,22,1.2641103911785883e-05
QCapsule,uniform,23,0.0001246973687202121
QCapsule,uniform,24,0.00015273720992683005
QCapsule,narrow,0,-0.00016268711405723928
QCapsule,narrow,1,-0.001725091687759193
QCapsule,narrow,2,0.0005121854132375564
QCapsule,narrow,3,7.503747375292608e-06
QCapsule,narrow,4,-4.205964204736621e-05
QCapsule,narrow,5,-9.955113242144205e-06
QCapsule,narrow,6,-0.0009681340982119103
QCapsule,narrow,7,0.0002776611034289966
QCapsule,narrow,8,-0.0006465300845592467
QCapsule,narrow,9,0.0014604208808198678
QCapsule,narrow,10,8.190603457991694e-05
QCapsule,narrow,11,0.003521434682104809
QCapsule,narrow,12,-0.0005677095377204717
QCapsule,narrow,13,9.938962976314801e-05
QCapsule,narrow,14,-0.00015181393114413168
QCapsule,narrow,15,0.00023423151879116256
QCapsule,narrow,16,0.0007121453164304728
QCapsule,narrow,17,-0.000151053527192272
QCapsule,narrow,18,0.0001709500077940306
QCapsule,narrow,19,7.981355854695624e-06
QCapsule,narrow,20,-0.000657493928751448
QCapsule,narrow,21,-4.417326097338627e-05
QCapsule,narrow,22,0.001550787685925415
QCapsule,narrow,23,0.0026166670118212554
QCapsule,narrow,24,-0.0013742179845806376
QCapsule,identity,0,6.015367949804318e-06
QCapsule,identity,1,-1.6319265704055973e-06
QCapsule,identity,2,1.279394448763787e-06
QCapsule,identity,3,9.36508574540888e-07
QCapsule,identity,4,1.033235954574416e-05
QCapsule,identity,5,-1.4583320904002193e-08
QCapsule,identity,6,-6.04391564758082e-07
QCapsule,identity,7,3.454695968435373e-06
QCapsule,identity,8,1.8521445498828366e-06
QCapsule,identity,9,-9.78550619346092e-06
QCapsule,identity,10,-4.050706596061931e-06
QCapsule,identity,11,6.707043966116092e-07
QCapsule,identity,12,-1.665572856654309e-05
QCapsule,identity,13,3.419586185592349e-06
QCapsule,identity,14,-1.845281624689471e-06
QCapsule,identity,15,-1.0419731334401954e-05
QCapsule,identity,16,-1.974234470988806e-06
QCapsule,identity,17,-1.270057429367612e-05
QCapsule,identity,18,-1.6771799265088053e-06
QCapsule,identity,19,-9.666730306468447e-07
QCapsule,identity,20,1.4718286665929598e-05
QCapsule,identity,21,-5.642783032589446e-06
QCapsule,identity,22,1.2739917756077792e-05
QCapsule,identity,23,-3.071027568036013e-08
QCapsule,identity,24,1.4893750053493805e-05
QCapsule,normal,0,-0.000741249078446765
QCapsule,normal,1,0.003586293913273055
QCapsule,normal,2,-0.004369288115148683
QCapsule,normal,3,0.0007789926160801791
QCapsule,normal,4,-2.2163994392157454e-05
QCapsule,normal,5,-9.457391430672297e-07
QCapsule,normal,6,0.0005181085407970725
QCapsule,normal,7,0.0010767609089603687
QCapsule,normal,8,0.0006198002969015349
QCapsule,normal,9,-0.0004240851294048176
QCapsule,normal,10,0.0012155682257745507
QCapsule,normal,11,-0.0003422541999695388
QCapsule,normal,12,-4.635903497238925e-05
QCapsule,normal,13,0.0004382056991699334
QCapsule,normal,14,0.0016234263038488995
QCapsule,normal,15,0.0001737547033737549
QCapsule,normal,16,0.00024250462699736738
QCapsule,normal,17,0.0014975581087463036
QCapsule,normal,18,0.0011986669191759287
QCapsule,normal,19,0.0008287865416194502
QCapsule,normal,20,0.0005016823236456624
QCapsule,normal,21,-7.425435008058301e-06
QCapsule,normal,22,-4.633582203162892e-05
QCapsule,normal,23,-0.0009964736639268342
QCapsule,normal,24,-0.00030261437739479823
qMPS,uniform,0,-0.0003350760960583932
qMPS,uniform,1,-4.7501287311014794e-05
qMPS,uniform,2,-3.0983975119191496e-06
qMPS,uniform,3,-2.4522579217029757e-05
qMPS,uniform,4,-7.521195293850909e-05
qMPS,uniform,5,-0.00012873506526165144
qMPS,uniform,6,2.731060363932664e-05
qMPS,uniform,7,-2.3880401473574686e-05
qMPS,uniform,8,-1.0678258131005174e-05
qMPS,uniform,9,-0.00015557354562438988
qMPS,uniform,10,-3.0365960056893426e-06
qMPS,uniform,11,6.693690334641925e-06
qMPS,uniform,12,9.103364044422013e-07
qMPS,uniform,13,0.00023615906363586201
qMPS,uniform,14,0.0001721724457036222
qMPS,uniform,15,1.584234144877646e-05
qMPS,uniform,16,-6.251359493572108e-05
qMPS,uniform,17,0.00010025623405897465
qMPS,uniform,18,7.137343388159258e-06
qMPS,uniform,19,-1.3243156140692063e-05
qMPS,uniform,20,0.0002560089558040898
qMPS,uniform,21,8.101693508248191e-06
qMPS,uniform,22,0.00015533529074343095
qMPS,uniform,23,4.480296869291019e-07
qMPS,uniform,24,-8.344774368988013e-06
qMPS,narrow,0,0.00011277874979472794
qMPS,narrow,1,4.014139065725371e-05
qMPS,narrow,2,0.00010594294259849716
qMPS,narrow,3,0.00023789746786314958
qMPS,narrow,4,2.9323005643538334e-05
qMPS,narrow,5,8.245124175498407e-05
qMPS,narrow,6,0.000315804864531917
qMPS,narrow,7,0.00011976582784363784
qMPS,narrow,8,0.001460475951469139
qMPS,narrow,9,9.684326622357757e-06
qMPS,narrow,10,7.214593044582304e-05
qMPS,narrow,11,2.770426492722459e-05
qMPS,narrow,12,0.00016653984156110685
qMPS,narrow,13,-1.9711805321820265e-05
qMPS,narrow,14,-5.137546307450223e-05
qMPS,narrow,15,-9.175414405399617e-05
qMPS,narrow,16,-7.319718650189934e-07
qMPS,narrow,17,-2.1730325318923266e-05
qMPS,narrow,18,0.0008319023217399319
qMPS,narrow,19,-4.0895258681958904e-05
qMPS,narrow,20,2.808574446918319e-06
qMPS,narrow,21,0.00024667038428666005
qMPS,narrow,22,-2.833961872521413e-05
qMPS,narrow,23,0.0003798891354627689
qMPS,narrow,24,0.0003319079139756478
qMPS,identity,0,-8.902192347423746e-06
qMPS,identity,1,1.2148688021465728e-06
qMPS,identity,2,-4.7058710610045396e-08
qMPS,identity,3,-9.97913809622721e-07
qMPS,identity,4,1.0286146789497989e-09
qMPS,identity,5,5.007078300995552e-08
qMPS,identity,6,1.5901928811868607e-06
qMPS,identity,7,8.594815367201496e-08
qMPS,identity,8,-5.927623486853192e-05
qMPS,identity,9,-5.164862481113955e-07
qMPS,identity,10,6.003094515923687e-06
qMPS,identity,11,-3.586009710083998e-07
qMPS,identity,12,1.643613445625341e-07
qMPS,identity,13,-5.751259492560546e-08
qMPS,identity,14,-3.878708541898213e-05
qMPS,identity,15,-1.7053795796630637e-06
qMPS,identity,16,1.3426524190540894e-06
qMPS,identity,17,-3.3883338622661903e-06
qMPS,identity,18,-3.639400886411878e-08
qMPS,identity,19,-2.2423813732538697e-06
qMPS,identity,20,1.3841670938655186e-06
qMPS,identity,21,-1.5412887640416394e-05
qMPS,identity,22,-7.646138918123593e-07
qMPS,identity,23,-5.555540387413706e-06
qMPS,identity,24,3.5709728195934787e-06
qMPS,normal,0,0.00015836503208735834
qMPS,normal,1,-1.5916467218377606e-06
qMPS,normal,2,2.0562733455237377e-06
qMPS,normal,3,9.201515121316858e-05
qMPS,normal,4,-5.345744367352498e-06
qMPS,normal,5,-7.639313565898163e-05
qMPS,normal,6,1.7632913929680691e-06
qMPS,normal,7,-2.733137672775088e-05
qMPS,normal,8,7.587563372337101e-05
qMPS,normal,9,5.572400493035726e-07
qMPS,normal,10,0.00025067945894310944
qMPS,normal,11,-0.00010054558673432427
qMPS,normal,12,2.3096170228758014e-05
qMPS,normal,13,2.615919200639744e-05
qMPS,normal,14,-4.758791662675546e-06
qMPS,normal,15,0.00012107369382880712
qMPS,normal,16,-3.10957011045818e-05
qMPS,normal,17,2.5865183736631328e-05
qMPS,normal,18,1.3693835102028747e-05
qMPS,normal,19,6.500506957651728e-07
qMPS,normal,20,-1.53062268307427e-05
qMPS,normal,21,1.5021907981524888e-05
qMPS,normal,22,3.6102224115149027e-06
qMPS,normal,23,-0.00011855642042327147
qMPS,normal,24,0.00026199912735252404
Layerwise,uniform,0,0.00047419216071731767
Layerwise,uniform,1,-0.000738486459994963
Layerwise,uniform,2,-0.00034226598879136385
Layerwise,uniform,3,0.0034487286536198825
Layerwise,uniform,4,-0.00019273861725180384
Layerwise,uniform,5,-0.00018480073189594104
Layerwise,uniform,6,-0.001714275600568554
Layerwise,uniform,7,0.00030782001897144875
Layerwise,uniform,8,-0.0008118537633640883
Layerwise,uniform,9,0.0014731407568831878
Layerwise,uniform,10,0.0010810505488803585
Layerwise,uniform,11,0.0013670233939969613
Layerwise,uniform,12,0.0005276606529311371
Layerwise,uniform,13,-0.0003969248002347876
Layerwise,uniform,14,-0.00027367334736986713
Layerwise,uniform,15,-0.00020130898524086573
Layerwise,uniform,16,0.00016278978971809546
Layerwise,uniform,17,-9.414510959844671e-06
Layerwise,uniform,18,0.0003776772262094873
Layerwise,uniform,19,0.001039144853956325
Layerwise,uniform,20,0.0003451977570200967
Layerwise,uniform,21,-3.248244509916809e-05
Layerwise,uniform,22,0.00019549603581962174
Layerwise,uniform,23,-0.0020805441659793385
Layerwise,uniform,24,0.003979196761913698
Layerwise,narrow,0,0.0022556160433863668
Layerwise,narrow,1,0.03166142906394664
Layerwise,narrow,2,-0.02671315732265128
Layerwise,narrow,3,-0.004997978704309094
Layerwise,narrow,4,0.020115775147726757
Layerwise,narrow,5,-0.039248249956412164
Layerwise,narrow,6,-0.00025508866741299964
Layerwise,narrow,7,-0.03348046728676511
Layerwise,narrow,8,-0.017990148426635176
Layerwise,narrow,9,0.0213197908800464
Layerwise,narrow,10,-0.03589053848073597
Layerwise,narrow,11,0.03401386704406409
Layerwise,narrow,12,0.037351577734907666
Layerwise,narrow,13,0.005506735167779833
Layerwise,narrow,14,-0.012587273974187359
Layerwise,narrow,15,-0.020509091560490463
Layerwise,narrow,16,0.0018270551463556973
Layerwise,narrow,17,-0.0035919295384218442
Layerwise,narrow,18,0.0017872612584556948
Layerwise,narrow,19,0.0004396579758492157
Layerwise,narrow,20,-0.014949571803932589
Layerwise,narrow,21,-0.0021568309689981575
Layerwise,narrow,22,0.0018965482208454297
Layerwise,narrow,23,0.030950562983692257
Layerwise,narrow,24,0.0011175656641686485
Layerwise,identity,0,0.00458296570977224
Layerwise,identity,1,0.014436270498249547
Layerwise,identity,2,-0.0064639785802055125
Layerwise,identity,3,-0.003293496493629481
Layerwise,identity,4,0.002907066745559945
Layerwise,identity,5,-0.005993808720175747
Layerwise,identity,6,0.0007561650039046358
Layerwise,identity,7,0.0002143794681318527
Layerwise,identity,8,-0.004495321444980519
Layerwise,identity,9,0.036719527585861625
Layerwise,identity,10,-0.003877952698742023
Layerwise,identity,11,6.875168939664874e-05
Layerwise,identity,12,0.012793402601096435
Layerwise,identity,13,-0.00083653324211039
Layerwise,identity,14,-0.002292505984121769
Layerwise,identity,15,0.0029810419567114096
Layerwise,identity,16,-0.001980482583214059
Layerwise,identity,17,0.0033727868535380285
Layerwise,identity,18,0.011323496987651631
Layerwise,identity,19,-0.001744120435276315
Layerwise,identity,20,0.0033327400308574948
Layerwise,identity,21,-0.0012225178862950402
Layerwise,identity,22,0.04340321893835362
Layerwise,identity,23,-0.005426826691206856
Layerwise,identity,24,0.0006322152449591349
Layerwise,normal,0,-0.0016666319757357344
Layerwise,normal,1,0.000417540816136152
Layerwise,normal,2,0.000942892354213158
Layerwise,normal,3,0.00032216057377018674
Layerwise,normal,4,-0.0005763503816861644
Layerwise,normal,5,0.0006328471829049134
Layerwise,normal,6,-0.0018886240355757158
Layerwise,normal,7,-0.000746342464091583
Layerwise,normal,8,0.0002666096347962204
Layerwise,normal,9,8.165625796816025e-05
Layerwise,normal,10,4.7309304488984133e-05
Layerwise,normal,11,-4.899582021434057e-05
Layerwise,normal,12,-0.00012892060565529418
Layerwise,normal,13,-0.0002338321773567634
Layerwise,normal,14,0.00014135871489381085
Layerwise,normal,15,-0.00017963727658894715
Layerwise,normal,16,-2.9332138023525602e-05
Layerwise,normal,17,0.00012778940389568408
Layerwise,normal,18,0.000717633071011793
Layerwise,normal,19,-0.0008787905423657072
Layerwise,normal,20,-0.0005741788887838365
Layerwise,normal,21,0.0002167561146658862
Layerwise,normal,22,0.0009797759931119423
Layerwise,normal,23,-0.0009209793491942477
Layerwise,normal,24,2.1143762530265405e-05
ResQNet,uniform,0,-4.406341363639218e-05
ResQNet,uniform,1,2.3304442131546278e-07
ResQNet,uniform,2,1.6165200366472026e-05
ResQNet,uniform,3,-0.0016525985565226246
ResQNet,uniform,4,0.00021082972003099451
ResQNet,uniform,5,0.00017649916903131994
ResQNet,uniform,6,0.0008466958710776135
ResQNet,uniform,7,-9.083386047207025e-05
ResQNet,uniform,8,0.00020648362388979945
ResQNet,uniform,9,0.0003795264866321309
ResQNet,uniform,10,0.0013485918202596806
ResQNet,uniform,11,-8.539856265615935e-06
ResQNet,uniform,12,0.00023825836485617672
ResQNet,uniform,13,-3.451210914402691e-05
ResQNet,uniform,14,0.00030179968069745316
ResQNet,uniform,15,-3.261620873296484e-05
ResQNet,uniform,16,0.00013397815890169945
ResQNet,uniform,17,-7.524539318760197e-06
ResQNet,uniform,18,0.00013627810309590826
ResQNet,uniform,19,0.00023643699346848413
ResQNet,uniform,20,-3.7598520232434085e-05
ResQNet,uniform,21,0.0001372506699788064
ResQNet,uniform,22,9.597511461998108e-06
ResQNet,uniform,23,0.00010908334685376744
ResQNet,uniform,24,-0.0006753599331617469
ResQNet,narrow,0,1.4981374778337766e-05
ResQNet,narrow,1,7.808752148296208e-06
ResQNet,narrow,2,-1.572396242820746e-05
ResQNet,narrow,3,0.0008172667180934563
ResQNet,narrow,4,-2.8507329569578615e-05
ResQNet,narrow,5,0.0018608881427818274
ResQNet,narrow,6,-9.112484661094268e-06
ResQNet,narrow,7,6.455555889662105e-05
ResQNet,narrow,8,-0.00023617633501122026
ResQNet,narrow,9,0.0004383265361279752
ResQNet,narrow,10,-5.0599165102714115e-05
ResQNet,narrow,11,8.899236626985022e-05
ResQNet,narrow,12,0.000602474571705217
ResQNet,narrow,13,0.00011812932250444823
ResQNet,narrow,14,-0.00014377078349548576
ResQNet,narrow,15,0.00034401809354754804
ResQNet,narrow,16,0.0002835460225719676
ResQNet,narrow,17,-0.00014900619435377976
ResQNet,narrow,18,-0.00011803944806708384
ResQNet,narrow,19,-5.128685891480904e-05
ResQNet,narrow,20,6.165154380372068e-06
ResQNet,narrow,21,-0.00025720004223132094
ResQNet,narrow,22,5.259031895600332e-07
ResQNet,narrow,23,0.00019726957285048306
ResQNet,narrow,24,-3.5027538444194915e-07
ResQNet,identity,0,2.0823629945187043e-06
ResQNet,identity,1,1.9587209599599804e-06
ResQNet,identity,2,-8.307552524807021e-07
ResQNet,identity,3,-3.534224698254009e-07
ResQNet,identity,4,-2.3593007677917293e-06
ResQNet,identity,5,-3.12438974327905e-06
ResQNet,identity,6,-5.832152643352511e-09
ResQNet,identity,7,-9.520430522601866e-07
ResQNet,identity,8,-4.746839278012081e-07
ResQNet,identity,9,-1.1539703342336587e-06
ResQNet,identity,10,-2.7810921054486276e-08
ResQNet,identity,11,2.8177794706372705e-06
ResQNet,identity,12,1.2157785638328864e-06
ResQNet,identity,13,2.18799619161286e-07
ResQNet,identity,14,-1.0597960596367767e-06
ResQNet,identity,15,6.397487533859401e-06
ResQNet,identity,16,3.3104557464155715e-10
ResQNet,identity,17,2.199034135553114e-07
ResQNet,identity,18,1.7051136334899813e-08
ResQNet,identity,19,6.212139056252533e-08
ResQNet,identity,20,-5.2496450749777134e-08
ResQNet,identity,21,-5.027367276123649e-06
ResQNet,identity,22,3.8298662420669864e-06
ResQNet,identity,23,6.279925065821962e-07
ResQNet,identity,24,6.406918243636811e-07
ResQNet,normal,0,0.00018378259625538262
ResQNet,normal,1,0.0005737268455752627
ResQNet,normal,2,7.425478622749841e-05
ResQNet,normal,3,-6.142599185366947e-05
ResQNet,normal,4,-0.00014657515796863275
ResQNet,normal,5,-3.8534436428821184e-05
ResQNet,normal,6,5.945798674564238e-05
ResQNet,normal,7,-9.044962614146577e-05
ResQNet,normal,8,-4.9063379278548544e-05
ResQNet,normal,9,3.303525158937179e-05
ResQNet,normal,10,-0.0004928808234382227
ResQNet,normal,11,-0.00012682720569669867
ResQNet,normal,12,1.1733768654508232e-05
ResQNet,normal,13,-0.0002142301025985999
ResQNet,normal,14,-3.047310945677632e-05
ResQNet,normal,15,-7.89357224543591e-05
ResQNet,normal,16,-1.1944184645246326e-05
ResQNet,normal,17,-0.00038896547441633755
ResQNet,normal,18,-0.0002022504150230847
ResQNet,normal,19,-4.436078714156466e-05
ResQNet,normal,20,4.9321940426846827e-05
ResQNet,normal,21,2.3258131401051776e-05
ResQNet,normal,22,1.0465592781019585e-05
ResQNet,normal,23,0.0003307788443482134
ResQNet,normal,24,-0.00026815816976489626
Global,uniform,0,-6.948292968648343e-05
Global,uniform,1,0.0001863898008142516
Global,uniform,2,-0.00035164765604321434
Global,uniform,3,0.00019773584059889677
Global,uniform,4,-8.211238561764303e-05
Global,uniform,5,0.000507489385511471
Global,uniform,6,-0.00048467646807272307
Global,uniform,7,8.466687328127412e-06
Global,uniform,8,0.0002402568926044149
Global,uniform,9,-0.00015191247531317595
Global,uniform,10,3.0228403524207984e-05
Global,uniform,11,0.0014210967771725832
Global,uniform,12,3.774147803722501e-05
Global,uniform,13,-0.0003131595998041686
Global,uniform,14,-0.00041247737200764264
Global,uniform,15,0.00018132461014135895
Global,uniform,16,1.848543252304949e-05
Global,uniform,17,-0.0001401019219233583
Global,uniform,18,-0.00034554884822513357
Global,uniform,19,-5.326195899719645e-06
Global,uniform,20,-7.654960952980067e-05
Global,uniform,21,-3.475466620264473e-05
Global,uniform,22,-3.735359274360983e-05
Global,uniform,23,0.0008775983945966995
Global,uniform,24,-0.0008214710247506543
Global,narrow,0,0.002911820295328539
Global,narrow,1,-9.53210341195553e-05
Global,narrow,2,-0.00037221530944906323
Global,narrow,3,1.4246549959359691e-05
Global,narrow,4,-0.002284823638357233
Global,narrow,5,0.0003706046752024135
Global,narrow,6,-5.4968882443354716e-05
Global,narrow,7,-0.0005637442837433247
Global,narrow,8,0.0001808458072845691
Global,narrow,9,-0.002516781249689929
Global,narrow,10,-0.0001093582988036113
Global,narrow,11,-0.0017569108910688795
Global,narrow,12,-7.331316629123409e-05
Global,narrow,13,-7.682756608626235e-05
Global,narrow,14,0.0004499813484754829
Global,narrow,15,-0.0016159245291617714
Global,narrow,16,0.00013674706332785446
Global,narrow,17,-0.0001393080745496255
Global,narrow,18,-0.0005820292552738953
Global,narrow,19,-0.00046119748766156656
Global,narrow,20,-0.0012752311542497665
Global,narrow,21,-0.0007380667030471986
Global,narrow,22,-0.00027645101609854756
Global,narrow,23,0.0007789368318527193
Global,narrow,24,0.002985385297301869
Global,identity,0,3.3714735518096444e-05
Global,identity,1,-0.00015792042902131878
Global,identity,2,-4.855461827710486e-07
Global,identity,3,3.1601059778972535e-08
Global,identity,4,-1.5345204365575515e-06
Global,identity,5,3.938288736108459e-07
Global,identity,6,-3.0031387239556845e-05
Global,identity,7,1.1165050782957108e-05
Global,identity,8,-6.994201716270177e-07
Global,identity,9,1.1136847455514087e-05
Global,identity,10,4.796555098660229e-06
Global,identity,11,-0.00023825764018114574
Global,identity,12,3.565380516942423e-05
Global,identity,13,0.00017902240857503219
Global,identity,14,1.5275263563678273e-05
Global,identity,15,1.6191061742350844e-05
Global,identity,16,-9.806853952394555e-06
Global,identity,17,2.897919775519114e-05
Global,identity,18,1.2610648558608519e-05
Global,identity,19,1.514627541696853e-05
Global,identity,20,3.316543244530609e-05
Global,identity,21,-0.00020396857365897594
Global,identity,22,-3.350964592255569e-05
Global,identity,23,-2.562300536972905e-05
Global,identity,24,1.9792577241508864e-05
Global,normal,0,-0.00012331964414887298
Global,normal,1,6.433094995982107e-05
Global,normal,2,0.0004284474317917703
Global,normal,3,-8.684611026920891e-05
Global,normal,4,1.9415092992153796e-05
Global,normal,5,1.7769886961436e-05
Global,normal,6,-0.0003460060505186912
Global,normal,7,0.00017583396358388797
Global,normal,8,-5.343518801703465e-07
Global,normal,9,0.0004853179414710657
Global,normal,10,-0.000298791810550092
Global,normal,11,-8.573156178092e-06
Global,normal,12,0.00041463187190324605
Global,normal,13,-6.821053149447663e-05
Global,normal,14,-0.00035769187899791475
Global,normal,15,-0.000467560498283086
Global,normal,16,4.680438823792653e-05
Global,normal,17,0.0001717743401537525
Global,normal,18,0.0010195007373380728
Global,normal,19,0.0005434968090394994
Global,normal,20,-0.00025235321995918333
Global,normal,21,8.291113622683005e-05
Global,normal,22,-7.332797293414793e-05
Global,normal,23,0.0011052249722050141
Global,normal,24,-0.0001885219716253824
Glob96,uniform,0,0.0004054993574274144
Glob96,uniform,1,-0.00012086245907147075
Glob96,uniform,2,6.070577002392774e-06
Glob96,uniform,3,-1.9344194875978364e-05
Glob96,uniform,4,2.988840981703246e-05
Glob96,uniform,5,-3.53989076931211e-06
Glob96,uniform,6,-2.4683801989783913e-05
Glob96,uniform,7,0.0003680058593453546
Glob96,uniform,8,-5.493819851853754e-05
Glob96,uniform,9,0.0003120645983021835
Glob96,uniform,10,0.0012169296601800144
Glob96,uniform,11,-0.00026820045633148195
Glob96,uniform,12,-0.00015529156511974638
Glob96,uniform,13,3.424216135516349e-06
Glob96,uniform,14,-0.00010064325202182014
Glob96,uniform,15,1.986154922830588e-05
Glob96,uniform,16,-3.186211667368762e-05
Glob96,uniform,17,0.0001580803713507843
Glob96,uniform,18,-0.00013113358607264966
Glob96,uniform,19,0.000444754913746254
Glob96,uniform,20,0.002301786009464848
Glob96,uniform,21,0.00010983360239624294
Glob96,uniform,22,0.00019345282932606988
Glob96,uniform,23,4.784924544975564e-06
Glob96,uniform,24,-2.5674536805249698e-05
Glob96,narrow,0,-0.029447175856051604
Glob96,narrow,1,0.00016191417373131182
Glob96,narrow,2,0.000275721991784142
Glob96,narrow,3,0.00034348941554642994
Glob96,narrow,4,0.0037322464635368684
Glob96,narrow,5,-0.0008914991371582774
Glob96,narrow,6,-0.0007307648117116153
Glob96,narrow,7,0.0004999752874917454
Glob96,narrow,8,-0.007672611229071425
Glob96,narrow,9,-0.0013600542303124682
Glob96,narrow,10,0.014733496435447552
Glob96,narrow,11,0.005358847363637893
Glob96,narrow,12,0.010588753303591453
Glob96,narrow,13,1.4166802673664339e-06
Glob96,narrow,14,0.006079704304923211
Glob96,narrow,15,-0.025448370613218235
Glob96,narrow,16,-4.6287224188294955e-05
Glob96,narrow,17,0.001736621676735788
Glob96,narrow,18,0.00017767728918611565
Glob96,narrow,19,6.093782882243061e-05
Glob96,narrow,20,-0.0007949729101047843
Glob96,narrow,21,-2.400784740722371e-05
Glob96,narrow,22,0.0005952451497537036
Glob96,narrow,23,-0.0032722744933496592
Glob96,narrow,24,0.0005421719808265508
Glob96,identity,0,0.0007965660502662245
Glob96,identity,1,-1.6626262120390053e-05
Glob96,identity,2,1.4547126806505482e-07
Glob96,identity,3,5.743587870612536e-07
Glob96,identity,4,6.353851861168596e-06
Glob96,identity,5,9.757198118290481e-05
Glob96,identity,6,0.0029351619971257877
Glob96,identity,7,8.893576578137776e-07
Glob96,identity,8,-0.00028586809524158073
Glob96,identity,9,0.0003484900359325031
Glob96,identity,10,0.0021472901498912596
Glob96,identity,11,-6.41968472530052e-08
Glob96,identity,12,-0.00048824272014756767
Glob96,identity,13,3.234438889810149e-05
Glob96,identity,14,-0.0012595937724220578
Glob96,identity,15,-0.0021973729988455
Glob96,identity,16,4.2837499645128087e-07
Glob96,identity,17,6.645649321110573e-05
Glob96,identity,18,-1.9042704077119047e-07
Glob96,identity,19,-1.1791847310435944e-05
Glob96,identity,20,1.436005639078135e-05
Glob96,identity,21,1.375689877892011e-07
Glob96,identity,22,-6.9909639538097665e-06
Glob96,identity,23,-4.6368207563581944e-05
Glob96,identity,24,-4.384071849329864e-07
Glob96,normal,0,-7.44214235608592e-05
Glob96,normal,1,0.0005698217233249592
Glob96,normal,2,0.0007348223842131405
Glob96,normal,3,0.0005396617627659343
Glob96,normal,4,-0.001548359270011006
Glob96,normal,5,-0.00029008261641935484
Glob96,normal,6,6.034172172811299e-05
Glob96,normal,7,0.00015144225745410822
Glob96,normal,8,-8.891836146069173e-05
Glob96,normal,9,-0.00034647357508419974
Glob96,normal,10,6.553353555348669e-05
Glob96,normal,11,0.0007072576849890879
Glob96,normal,12,-0.00011246703096789702
Glob96,normal,13,-9.57994875406059e-06
Glob96,normal,14,-9.372009080179178e-05
Glob96,normal,15,-0.00011033948501082783
Glob96,normal,16,-0.00011312274795675898
Glob96,normal,17,-7.386942991364545e-05
Glob96,normal,18,8.529613668418145e-05
Glob96,normal,19,-0.00021115782237358065
Glob96,normal,20,-0.00042439117931625063
Glob96,normal,21,0.0001560246622772614
Glob96,normal,22,-0.0006603034491369984
Glob96,normal,23,-9.34982916860303e-06
Glob96,normal,24,0.00010384397069066492
